PowerSquare.g.en-US.resources:mainwindow.baml,Window_1:PowerSquare.Views.MainWindow.$Content,None,True,True,,#Grid_1;
PowerSquare.g.en-US.resources:mainwindow.baml,Window_1:System.Windows.Window.Language,None,True,True,,en-US
PowerSquare.g.en-US.resources:mainwindow.baml,Window_1:System.Windows.Window.Title,Title,True,True,,Power Square
PowerSquare.g.en-US.resources:mainwindow.baml,Window_1:System.Windows.FrameworkElement.Height,None,False,True,,350
PowerSquare.g.en-US.resources:mainwindow.baml,Window_1:System.Windows.FrameworkElement.Width,None,False,True,,400
PowerSquare.g.en-US.resources:mainwindow.baml,Window_1:System.Windows.FrameworkElement.MinHeight,None,False,True,,350
PowerSquare.g.en-US.resources:mainwindow.baml,Window_1:System.Windows.FrameworkElement.MinWidth,None,False,True,,400
PowerSquare.g.en-US.resources:mainwindow.baml,Window_1:System.Windows.Window.SizeToContent,None,False,True,,WidthAndHeight
PowerSquare.g.en-US.resources:mainwindow.baml,Grid_1:System.Windows.FrameworkElement.Margin,None,False,True,,15
PowerSquare.g.en-US.resources:mainwindow.baml,lblHeading:System.Windows.Controls.Label.$Content,Label,True,True,,
PowerSquare.g.en-US.resources:mainwindow.baml,lblHeading:System.Windows.Controls.Grid.Row,None,False,True,,0
PowerSquare.g.en-US.resources:mainwindow.baml,lblHeading:System.Windows.Controls.Grid.ColumnSpan,None,False,True,,2
PowerSquare.g.en-US.resources:mainwindow.baml,lblHeading:System.Windows.Controls.ContentControl.Content,Label,True,True,,Bitte geben sie eine positive Ganzzahl ein:
PowerSquare.g.en-US.resources:mainwindow.baml,lblHeading:System.Windows.FrameworkElement.HorizontalAlignment,None,False,True,,Left
PowerSquare.g.en-US.resources:mainwindow.baml,lblHeading:System.Windows.FrameworkElement.VerticalAlignment,None,False,True,,Top
PowerSquare.g.en-US.resources:mainwindow.baml,lblNumber:System.Windows.Controls.Label.$Content,Label,True,True,,
PowerSquare.g.en-US.resources:mainwindow.baml,lblNumber:System.Windows.Controls.Grid.Row,None,False,True,,1
PowerSquare.g.en-US.resources:mainwindow.baml,lblNumber:System.Windows.Controls.Grid.Column,None,False,True,,0
PowerSquare.g.en-US.resources:mainwindow.baml,lblNumber:System.Windows.Controls.ContentControl.Content,Label,True,True,,Zahl:
PowerSquare.g.en-US.resources:mainwindow.baml,lblNumber:System.Windows.FrameworkElement.HorizontalAlignment,None,False,True,,Left
PowerSquare.g.en-US.resources:mainwindow.baml,lblNumber:System.Windows.FrameworkElement.VerticalAlignment,None,False,True,,Top
PowerSquare.g.en-US.resources:mainwindow.baml,txtNumber:System.Windows.Controls.TextBox.$Content,Text,True,True,,
PowerSquare.g.en-US.resources:mainwindow.baml,txtNumber:System.Windows.Controls.TextBox.MaxLength,None,True,False,,7
PowerSquare.g.en-US.resources:mainwindow.baml,txtNumber:System.Windows.Controls.Grid.Row,None,False,True,,1
PowerSquare.g.en-US.resources:mainwindow.baml,txtNumber:System.Windows.Controls.Grid.Column,None,False,True,,1
PowerSquare.g.en-US.resources:mainwindow.baml,txtNumber:System.Windows.FrameworkElement.HorizontalAlignment,None,False,True,,Stretch
PowerSquare.g.en-US.resources:mainwindow.baml,txtNumber:System.Windows.Controls.TextBox.TextWrapping,None,False,True,,Wrap
PowerSquare.g.en-US.resources:mainwindow.baml,txtNumber:System.Windows.FrameworkElement.VerticalAlignment,None,False,True,,Stretch
PowerSquare.g.en-US.resources:mainwindow.baml,txtNumber:System.Windows.FrameworkElement.Height,None,False,True,,22
PowerSquare.g.en-US.resources:mainwindow.baml,txtNumber:System.Windows.FrameworkElement.Margin,None,False,True,,"0,4,0,4"
PowerSquare.g.en-US.resources:mainwindow.baml,lblOperationMode:System.Windows.Controls.Label.$Content,Label,True,True,,
PowerSquare.g.en-US.resources:mainwindow.baml,lblOperationMode:System.Windows.Controls.Grid.Row,None,False,True,,2
PowerSquare.g.en-US.resources:mainwindow.baml,lblOperationMode:System.Windows.Controls.Grid.Column,None,False,True,,0
PowerSquare.g.en-US.resources:mainwindow.baml,lblOperationMode:System.Windows.Controls.ContentControl.Content,Label,True,True,,Operation:
PowerSquare.g.en-US.resources:mainwindow.baml,lblOperationMode:System.Windows.FrameworkElement.HorizontalAlignment,None,False,True,,Left
PowerSquare.g.en-US.resources:mainwindow.baml,lblOperationMode:System.Windows.FrameworkElement.VerticalAlignment,None,False,True,,Top
PowerSquare.g.en-US.resources:mainwindow.baml,cmbOperationMode:System.Windows.Controls.ComboBox.$Content,ComboBox,True,True,,
PowerSquare.g.en-US.resources:mainwindow.baml,cmbOperationMode:System.Windows.Controls.Grid.Row,None,False,True,,2
PowerSquare.g.en-US.resources:mainwindow.baml,cmbOperationMode:System.Windows.Controls.Grid.Column,None,False,True,,1
PowerSquare.g.en-US.resources:mainwindow.baml,cmbOperationMode:System.Windows.FrameworkElement.HorizontalAlignment,None,False,True,,Stretch
PowerSquare.g.en-US.resources:mainwindow.baml,cmbOperationMode:System.Windows.FrameworkElement.Margin,None,False,True,,"0,4,0,4"
PowerSquare.g.en-US.resources:mainwindow.baml,cmbOperationMode:System.Windows.FrameworkElement.VerticalAlignment,None,False,True,,Top
PowerSquare.g.en-US.resources:mainwindow.baml,cmbOperationMode:System.Windows.Controls.ComboBox.Text,ComboBox,True,True,,
PowerSquare.g.en-US.resources:mainwindow.baml,cmbOperationMode:System.Windows.Controls.ItemsControl.DisplayMemberPath,ComboBox,True,True,,Display
PowerSquare.g.en-US.resources:mainwindow.baml,cmbOperationMode:System.Windows.Controls.ComboBox.IsReadOnly,None,False,True,,True
PowerSquare.g.en-US.resources:mainwindow.baml,btnCalc:System.Windows.Controls.Button.$Content,Button,True,True,,
PowerSquare.g.en-US.resources:mainwindow.baml,btnCalc:System.Windows.Controls.Grid.Row,None,False,True,,3
PowerSquare.g.en-US.resources:mainwindow.baml,btnCalc:System.Windows.Controls.Grid.ColumnSpan,None,False,True,,2
PowerSquare.g.en-US.resources:mainwindow.baml,btnCalc:System.Windows.Controls.Control.Padding,None,False,True,,"5,2"
PowerSquare.g.en-US.resources:mainwindow.baml,btnCalc:System.Windows.Controls.ContentControl.Content,Button,True,True,,Be_rechnen
PowerSquare.g.en-US.resources:mainwindow.baml,btnCalc:System.Windows.FrameworkElement.HorizontalAlignment,None,False,True,,Right
PowerSquare.g.en-US.resources:mainwindow.baml,btnCalc:System.Windows.FrameworkElement.VerticalAlignment,None,False,True,,Top
PowerSquare.g.en-US.resources:mainwindow.baml,btnCalc:System.Windows.FrameworkElement.MinWidth,None,False,True,,60
PowerSquare.g.en-US.resources:mainwindow.baml,btnCalc:System.Windows.Controls.Button.IsDefault,None,False,True,,True
PowerSquare.g.en-US.resources:mainwindow.baml,txtResult:System.Windows.Controls.TextBox.$Content,Text,True,True,,
PowerSquare.g.en-US.resources:mainwindow.baml,txtResult:System.Windows.Controls.Primitives.TextBoxBase.IsReadOnly,None,False,True,,True
PowerSquare.g.en-US.resources:mainwindow.baml,txtResult:System.Windows.Controls.Grid.Row,None,False,True,,4
PowerSquare.g.en-US.resources:mainwindow.baml,txtResult:System.Windows.Controls.Grid.ColumnSpan,None,False,True,,2
PowerSquare.g.en-US.resources:mainwindow.baml,txtResult:System.Windows.Controls.Control.Padding,None,False,True,,20
PowerSquare.g.en-US.resources:mainwindow.baml,txtResult:System.Windows.FrameworkElement.HorizontalAlignment,None,False,True,,Stretch
PowerSquare.g.en-US.resources:mainwindow.baml,txtResult:System.Windows.FrameworkElement.VerticalAlignment,None,False,True,,Stretch
PowerSquare.g.en-US.resources:mainwindow.baml,txtResult:System.Windows.Controls.TextBox.TextAlignment,None,False,True,,Center
PowerSquare.g.en-US.resources:mainwindow.baml,txtResult:System.Windows.Controls.TextBox.TextWrapping,None,False,True,,Wrap
PowerSquare.g.en-US.resources:mainwindow.baml,txtResult:System.Windows.Controls.Control.Background,None,False,True,,\#FFD3D3D3
PowerSquare.g.en-US.resources:mainwindow.baml,txtResult:System.Windows.FrameworkElement.Margin,None,False,True,,"0,4,0,4"
PowerSquare.g.en-US.resources:mainwindow.baml,txtResult:System.Windows.Controls.Control.FontSize,None,True,True,,24
PowerSquare.g.en-US.resources:mainwindow.baml,StackPanel_1:System.Windows.Controls.Grid.Row,None,False,True,,5
PowerSquare.g.en-US.resources:mainwindow.baml,StackPanel_1:System.Windows.Controls.Grid.Column,None,False,True,,1
PowerSquare.g.en-US.resources:mainwindow.baml,StackPanel_1:System.Windows.Controls.StackPanel.Orientation,None,False,True,,Horizontal
PowerSquare.g.en-US.resources:mainwindow.baml,StackPanel_1:System.Windows.FrameworkElement.HorizontalAlignment,None,False,True,,Right
PowerSquare.g.en-US.resources:mainwindow.baml,btnSettings:System.Windows.Controls.Button.$Content,Button,True,True,,
PowerSquare.g.en-US.resources:mainwindow.baml,btnSettings:System.Windows.Controls.ContentControl.Content,Button,True,True,,_Einstellungen
PowerSquare.g.en-US.resources:mainwindow.baml,btnSettings:System.Windows.FrameworkElement.HorizontalAlignment,None,False,True,,Right
PowerSquare.g.en-US.resources:mainwindow.baml,btnSettings:System.Windows.FrameworkElement.VerticalAlignment,None,False,True,,Top
PowerSquare.g.en-US.resources:mainwindow.baml,btnSettings:System.Windows.FrameworkElement.Margin,None,False,True,,"0,0,5,0"
PowerSquare.g.en-US.resources:mainwindow.baml,btnSettings:System.Windows.Controls.Control.Padding,None,False,True,,"5,2"
PowerSquare.g.en-US.resources:mainwindow.baml,btnSettings:System.Windows.FrameworkElement.MinWidth,None,False,True,,60
PowerSquare.g.en-US.resources:mainwindow.baml,btnHistory:System.Windows.Controls.Button.$Content,Button,True,True,,
PowerSquare.g.en-US.resources:mainwindow.baml,btnHistory:System.Windows.Controls.ContentControl.Content,Button,True,True,,_Historie
PowerSquare.g.en-US.resources:mainwindow.baml,btnHistory:System.Windows.FrameworkElement.HorizontalAlignment,None,False,True,,Right
PowerSquare.g.en-US.resources:mainwindow.baml,btnHistory:System.Windows.FrameworkElement.VerticalAlignment,None,False,True,,Top
PowerSquare.g.en-US.resources:mainwindow.baml,btnHistory:System.Windows.Controls.Control.Padding,None,False,True,,"5,2"
PowerSquare.g.en-US.resources:mainwindow.baml,btnHistory:System.Windows.FrameworkElement.MinWidth,None,False,True,,60
PowerSquare.g.en-US.resources:mainwindow.baml,TextBlock_1:System.Windows.Controls.TextBlock.$Content,Text,True,True,,
PowerSquare.g.en-US.resources:mainwindow.baml,TextBlock_1:System.Windows.Controls.Grid.Row,None,False,True,,5
PowerSquare.g.en-US.resources:mainwindow.baml,TextBlock_1:System.Windows.FrameworkElement.Margin,None,False,True,,"2,0,0,0"
PowerSquare.g.en-US.resources:mainwindow.baml,TextBlock_1:System.Windows.FrameworkElement.HorizontalAlignment,None,False,True,,Left
PowerSquare.g.en-US.resources:mainwindow.baml,TextBlock_1:System.Windows.FrameworkElement.VerticalAlignment,None,False,True,,Center
PowerSquare.g.en-US.resources:settingswindow.baml,Window_1:PowerSquare.Views.SettingsWindow.$Content,None,True,True,,#Grid_1;
PowerSquare.g.en-US.resources:settingswindow.baml,Window_1:System.Windows.Window.Title,Title,True,True,,Settings
PowerSquare.g.en-US.resources:settingswindow.baml,Window_1:System.Windows.FrameworkElement.Height,None,False,True,,150
PowerSquare.g.en-US.resources:settingswindow.baml,Window_1:System.Windows.FrameworkElement.Width,None,False,True,,400
PowerSquare.g.en-US.resources:settingswindow.baml,Window_1:System.Windows.Window.SizeToContent,None,False,True,,WidthAndHeight
PowerSquare.g.en-US.resources:settingswindow.baml,Grid_1:System.Windows.FrameworkElement.Margin,None,False,True,,"10,0,10,10"
PowerSquare.g.en-US.resources:settingswindow.baml,lblHeading:System.Windows.Controls.Label.$Content,Label,True,True,,
PowerSquare.g.en-US.resources:settingswindow.baml,lblHeading:System.Windows.Controls.Grid.Row,None,False,True,,0
PowerSquare.g.en-US.resources:settingswindow.baml,lblHeading:System.Windows.Controls.Grid.ColumnSpan,None,False,True,,2
PowerSquare.g.en-US.resources:settingswindow.baml,lblHeading:System.Windows.Controls.ContentControl.Content,Label,True,True,,Bitte wählen sie die Anzeigesprache.
PowerSquare.g.en-US.resources:settingswindow.baml,lblHeading:System.Windows.FrameworkElement.HorizontalAlignment,None,False,True,,Left
PowerSquare.g.en-US.resources:settingswindow.baml,lblHeading:System.Windows.FrameworkElement.VerticalAlignment,None,False,True,,Top
PowerSquare.g.en-US.resources:settingswindow.baml,lblHeading:System.Windows.FrameworkElement.Margin,None,False,True,,"0,4,0,0"
PowerSquare.g.en-US.resources:settingswindow.baml,lblLanguage:System.Windows.Controls.Label.$Content,Label,True,True,,
PowerSquare.g.en-US.resources:settingswindow.baml,lblLanguage:System.Windows.Controls.Grid.Row,None,False,True,,1
PowerSquare.g.en-US.resources:settingswindow.baml,lblLanguage:System.Windows.Controls.Grid.Column,None,False,True,,0
PowerSquare.g.en-US.resources:settingswindow.baml,lblLanguage:System.Windows.Controls.ContentControl.Content,Label,True,True,,Sprache:
PowerSquare.g.en-US.resources:settingswindow.baml,lblLanguage:System.Windows.FrameworkElement.HorizontalAlignment,None,False,True,,Left
PowerSquare.g.en-US.resources:settingswindow.baml,lblLanguage:System.Windows.FrameworkElement.VerticalAlignment,None,False,True,,Top
PowerSquare.g.en-US.resources:settingswindow.baml,cmbLanguage:System.Windows.Controls.ComboBox.$Content,ComboBox,True,True,,
PowerSquare.g.en-US.resources:settingswindow.baml,cmbLanguage:System.Windows.Controls.Grid.Row,None,False,True,,1
PowerSquare.g.en-US.resources:settingswindow.baml,cmbLanguage:System.Windows.Controls.Grid.Column,None,False,True,,1
PowerSquare.g.en-US.resources:settingswindow.baml,cmbLanguage:System.Windows.FrameworkElement.HorizontalAlignment,None,False,True,,Stretch
PowerSquare.g.en-US.resources:settingswindow.baml,cmbLanguage:System.Windows.FrameworkElement.Margin,None,False,True,,"0,4,0,4"
PowerSquare.g.en-US.resources:settingswindow.baml,cmbLanguage:System.Windows.FrameworkElement.VerticalAlignment,None,False,True,,Top
PowerSquare.g.en-US.resources:settingswindow.baml,cmbLanguage:System.Windows.Controls.ComboBox.Text,ComboBox,True,True,,
PowerSquare.g.en-US.resources:settingswindow.baml,cmbLanguage:System.Windows.Controls.ItemsControl.DisplayMemberPath,ComboBox,True,True,,Display
PowerSquare.g.en-US.resources:settingswindow.baml,cmbLanguage:System.Windows.Controls.ComboBox.IsReadOnly,None,False,True,,True
PowerSquare.g.en-US.resources:settingswindow.baml,btnOk:System.Windows.Controls.Button.$Content,Button,True,True,,
PowerSquare.g.en-US.resources:settingswindow.baml,btnOk:System.Windows.Controls.Grid.Row,None,False,True,,2
PowerSquare.g.en-US.resources:settingswindow.baml,btnOk:System.Windows.Controls.Grid.ColumnSpan,None,False,True,,2
PowerSquare.g.en-US.resources:settingswindow.baml,btnOk:System.Windows.Controls.Button.IsDefault,None,False,True,,True
PowerSquare.g.en-US.resources:settingswindow.baml,btnOk:System.Windows.Controls.ContentControl.Content,Button,True,True,,O_k
PowerSquare.g.en-US.resources:settingswindow.baml,btnOk:System.Windows.FrameworkElement.HorizontalAlignment,None,False,True,,Right
PowerSquare.g.en-US.resources:settingswindow.baml,btnOk:System.Windows.FrameworkElement.VerticalAlignment,None,False,True,,Top
PowerSquare.g.en-US.resources:settingswindow.baml,btnOk:System.Windows.FrameworkElement.MinWidth,None,False,True,,60
PowerSquare.g.en-US.resources:settingswindow.baml,btnOk:System.Windows.Controls.Control.Padding,None,False,True,,"5,2"
PowerSquare.g.en-US.resources:resources.baml,Trigger_1:System.Windows.Trigger.$Content,None,False,True,,
PowerSquare.g.en-US.resources:resources.baml,Trigger_1:System.Windows.Trigger.Property,None,False,False,,Validation.HasError
PowerSquare.g.en-US.resources:resources.baml,Trigger_1:System.Windows.Trigger.Value,None,False,True,,True
PowerSquare.g.en-US.resources:resources.baml,Setter_1:System.Windows.Setter.Property,None,False,False,,FrameworkElement.ToolTip
PowerSquare.g.en-US.resources:resources.baml,Setter_2:System.Windows.Setter.Property,None,False,False,,Border.BorderBrush
PowerSquare.g.en-US.resources:resources.baml,Setter_2:System.Windows.Setter.Value,None,False,True,,\#FFFF0000
PowerSquare.g.en-US.resources:resources.baml,Setter_3:System.Windows.Setter.Property,None,False,False,,Border.BorderThickness
PowerSquare.g.en-US.resources:resources.baml,Setter_3:System.Windows.Setter.Value,None,False,True,,1
PowerSquare.g.en-US.resources:resources.baml,Setter_4:System.Windows.Setter.Property,None,False,False,,Control.Padding
PowerSquare.g.en-US.resources:resources.baml,Setter_4:System.Windows.Setter.Value,None,False,True,,5
PowerSquare.g.en-US.resources:resources.baml,Setter_5:System.Windows.Setter.Property,None,False,False,,Control.Template
PowerSquare.g.en-US.resources:resources.baml,ControlTemplate_1:System.Windows.Controls.ControlTemplate.$Content,None,False,True,,#Border_1;
PowerSquare.g.en-US.resources:resources.baml,Border_1:System.Windows.UIElement.SnapsToDevicePixels,None,False,True,,True
PowerSquare.g.en-US.resources:resources.baml,ContentPresenter_1:System.Windows.Controls.ContentPresenter.$Content,None,False,True,,
PowerSquare.g.en-US.resources:resources.baml,Color_1:System.Windows.Media.Color.$Content,None,False,True,,
PowerSquare.g.en-US.resources:resources.baml,Color_1:System.Windows.Media.Color.A,None,False,True,,255
PowerSquare.g.en-US.resources:resources.baml,Color_1:System.Windows.Media.Color.B,None,False,True,,155
PowerSquare.g.en-US.resources:resources.baml,Color_1:System.Windows.Media.Color.R,None,False,True,,155
PowerSquare.g.en-US.resources:resources.baml,Color_1:System.Windows.Media.Color.G,None,False,True,,155
PowerSquare.g.en-US.resources:resources.baml,Color_2:System.Windows.Media.Color.$Content,None,False,True,,
PowerSquare.g.en-US.resources:resources.baml,Color_2:System.Windows.Media.Color.A,None,False,True,,0
PowerSquare.g.en-US.resources:resources.baml,Color_2:System.Windows.Media.Color.B,None,False,True,,155
PowerSquare.g.en-US.resources:resources.baml,Color_2:System.Windows.Media.Color.R,None,False,True,,155
PowerSquare.g.en-US.resources:resources.baml,Color_2:System.Windows.Media.Color.G,None,False,True,,155
PowerSquare.g.en-US.resources:resources.baml,Setter_6:System.Windows.Setter.Property,None,False,False,,Panel.Background
PowerSquare.g.en-US.resources:resources.baml,Setter_6:System.Windows.Setter.Value,None,False,True,,\#7F000000
PowerSquare.g.en-US.resources:resources.baml,Setter_7:System.Windows.Setter.Property,None,False,False,,Control.Template
PowerSquare.g.en-US.resources:resources.baml,ControlTemplate_2:System.Windows.Controls.ControlTemplate.$Content,None,False,True,,#Border_2;
PowerSquare.g.en-US.resources:resources.baml,Storyboard_1:System.Windows.Media.Animation.Storyboard.$Content,None,False,True,,#ColorAnimationUsingKeyFrames_1;#DoubleAnimationUsingKeyFrames_1;#DoubleAnimationUsingKeyFrames_2;
PowerSquare.g.en-US.resources:resources.baml,Storyboard_1:System.Windows.Media.Animation.Timeline.BeginTime,None,True,False,,00:00:00.0
PowerSquare.g.en-US.resources:resources.baml,Storyboard_1:System.Windows.Media.Animation.Timeline.RepeatBehavior,None,True,False,,Forever
PowerSquare.g.en-US.resources:resources.baml,ColorAnimationUsingKeyFrames_1:System.Windows.Media.Animation.ColorAnimationUsingKeyFrames.$Content,None,False,True,,#SplineColorKeyFrame_1;#SplineColorKeyFrame_2;
PowerSquare.g.en-US.resources:resources.baml,ColorAnimationUsingKeyFrames_1:System.Windows.Media.Animation.Storyboard.TargetName,None,True,True,,ellipse0
PowerSquare.g.en-US.resources:resources.baml,ColorAnimationUsingKeyFrames_1:System.Windows.Media.Animation.Storyboard.TargetProperty,None,True,True,,(Shape.Fill).(SolidColorBrush.Color)
PowerSquare.g.en-US.resources:resources.baml,SplineColorKeyFrame_1:System.Windows.Media.Animation.SplineColorKeyFrame.$Content,None,True,True,,
PowerSquare.g.en-US.resources:resources.baml,SplineColorKeyFrame_1:System.Windows.Media.Animation.ColorKeyFrame.KeyTime,None,True,False,,00:00:00.0
PowerSquare.g.en-US.resources:resources.baml,SplineColorKeyFrame_2:System.Windows.Media.Animation.SplineColorKeyFrame.$Content,None,True,True,,
PowerSquare.g.en-US.resources:resources.baml,SplineColorKeyFrame_2:System.Windows.Media.Animation.ColorKeyFrame.KeyTime,None,True,False,,00:00:01.6
PowerSquare.g.en-US.resources:resources.baml,DoubleAnimationUsingKeyFrames_1:System.Windows.Media.Animation.DoubleAnimationUsingKeyFrames.$Content,None,False,True,,
PowerSquare.g.en-US.resources:resources.baml,DoubleAnimationUsingKeyFrames_1:System.Windows.Media.Animation.Storyboard.TargetName,None,True,True,,ellipse0
PowerSquare.g.en-US.resources:resources.baml,DoubleAnimationUsingKeyFrames_1:System.Windows.Media.Animation.Storyboard.TargetProperty,None,True,True,,Width
PowerSquare.g.en-US.resources:resources.baml,SplineDoubleKeyFrame_1:System.Windows.Media.Animation.SplineDoubleKeyFrame.$Content,None,True,True,,
PowerSquare.g.en-US.resources:resources.baml,SplineDoubleKeyFrame_1:System.Windows.Media.Animation.DoubleKeyFrame.KeyTime,None,True,False,,00:00:00.0
PowerSquare.g.en-US.resources:resources.baml,SplineDoubleKeyFrame_1:System.Windows.Media.Animation.DoubleKeyFrame.Value,None,False,True,,15
PowerSquare.g.en-US.resources:resources.baml,SplineDoubleKeyFrame_2:System.Windows.Media.Animation.SplineDoubleKeyFrame.$Content,None,True,True,,
PowerSquare.g.en-US.resources:resources.baml,SplineDoubleKeyFrame_2:System.Windows.Media.Animation.DoubleKeyFrame.KeyTime,None,True,False,,00:00:01.0
PowerSquare.g.en-US.resources:resources.baml,SplineDoubleKeyFrame_2:System.Windows.Media.Animation.DoubleKeyFrame.Value,None,False,True,,12
PowerSquare.g.en-US.resources:resources.baml,SplineDoubleKeyFrame_3:System.Windows.Media.Animation.SplineDoubleKeyFrame.$Content,None,True,True,,
PowerSquare.g.en-US.resources:resources.baml,SplineDoubleKeyFrame_3:System.Windows.Media.Animation.DoubleKeyFrame.KeyTime,None,True,False,,00:00:01.6
PowerSquare.g.en-US.resources:resources.baml,SplineDoubleKeyFrame_3:System.Windows.Media.Animation.DoubleKeyFrame.Value,None,False,True,,0
PowerSquare.g.en-US.resources:resources.baml,DoubleAnimationUsingKeyFrames_2:System.Windows.Media.Animation.DoubleAnimationUsingKeyFrames.$Content,None,False,True,,
PowerSquare.g.en-US.resources:resources.baml,DoubleAnimationUsingKeyFrames_2:System.Windows.Media.Animation.Storyboard.TargetName,None,True,True,,ellipse0
PowerSquare.g.en-US.resources:resources.baml,DoubleAnimationUsingKeyFrames_2:System.Windows.Media.Animation.Storyboard.TargetProperty,None,True,True,,Height
PowerSquare.g.en-US.resources:resources.baml,SplineDoubleKeyFrame_4:System.Windows.Media.Animation.SplineDoubleKeyFrame.$Content,None,True,True,,
PowerSquare.g.en-US.resources:resources.baml,SplineDoubleKeyFrame_4:System.Windows.Media.Animation.DoubleKeyFrame.KeyTime,None,True,False,,00:00:00.0
PowerSquare.g.en-US.resources:resources.baml,SplineDoubleKeyFrame_4:System.Windows.Media.Animation.DoubleKeyFrame.Value,None,False,True,,15
PowerSquare.g.en-US.resources:resources.baml,SplineDoubleKeyFrame_5:System.Windows.Media.Animation.SplineDoubleKeyFrame.$Content,None,True,True,,
PowerSquare.g.en-US.resources:resources.baml,SplineDoubleKeyFrame_5:System.Windows.Media.Animation.DoubleKeyFrame.KeyTime,None,True,False,,00:00:01.0
PowerSquare.g.en-US.resources:resources.baml,SplineDoubleKeyFrame_5:System.Windows.Media.Animation.DoubleKeyFrame.Value,None,False,True,,12
PowerSquare.g.en-US.resources:resources.baml,SplineDoubleKeyFrame_6:System.Windows.Media.Animation.SplineDoubleKeyFrame.$Content,None,True,True,,
PowerSquare.g.en-US.resources:resources.baml,SplineDoubleKeyFrame_6:System.Windows.Media.Animation.DoubleKeyFrame.KeyTime,None,True,False,,00:00:01.6
PowerSquare.g.en-US.resources:resources.baml,SplineDoubleKeyFrame_6:System.Windows.Media.Animation.DoubleKeyFrame.Value,None,False,True,,0
PowerSquare.g.en-US.resources:resources.baml,Storyboard_2:System.Windows.Media.Animation.Storyboard.$Content,None,False,True,,#ColorAnimationUsingKeyFrames_2;#DoubleAnimationUsingKeyFrames_3;#DoubleAnimationUsingKeyFrames_4;
PowerSquare.g.en-US.resources:resources.baml,Storyboard_2:System.Windows.Media.Animation.Timeline.BeginTime,None,True,False,,00:00:00.2
PowerSquare.g.en-US.resources:resources.baml,Storyboard_2:System.Windows.Media.Animation.Timeline.RepeatBehavior,None,True,False,,Forever
PowerSquare.g.en-US.resources:resources.baml,ColorAnimationUsingKeyFrames_2:System.Windows.Media.Animation.ColorAnimationUsingKeyFrames.$Content,None,False,True,,#SplineColorKeyFrame_3;#SplineColorKeyFrame_4;
PowerSquare.g.en-US.resources:resources.baml,ColorAnimationUsingKeyFrames_2:System.Windows.Media.Animation.Storyboard.TargetName,None,True,True,,ellipse1
PowerSquare.g.en-US.resources:resources.baml,ColorAnimationUsingKeyFrames_2:System.Windows.Media.Animation.Storyboard.TargetProperty,None,True,True,,(Shape.Fill).(SolidColorBrush.Color)
PowerSquare.g.en-US.resources:resources.baml,SplineColorKeyFrame_3:System.Windows.Media.Animation.SplineColorKeyFrame.$Content,None,True,True,,
PowerSquare.g.en-US.resources:resources.baml,SplineColorKeyFrame_3:System.Windows.Media.Animation.ColorKeyFrame.KeyTime,None,True,False,,00:00:00.0
PowerSquare.g.en-US.resources:resources.baml,SplineColorKeyFrame_4:System.Windows.Media.Animation.SplineColorKeyFrame.$Content,None,True,True,,
PowerSquare.g.en-US.resources:resources.baml,SplineColorKeyFrame_4:System.Windows.Media.Animation.ColorKeyFrame.KeyTime,None,True,False,,00:00:01.6
PowerSquare.g.en-US.resources:resources.baml,DoubleAnimationUsingKeyFrames_3:System.Windows.Media.Animation.DoubleAnimationUsingKeyFrames.$Content,None,False,True,,
PowerSquare.g.en-US.resources:resources.baml,DoubleAnimationUsingKeyFrames_3:System.Windows.Media.Animation.Storyboard.TargetName,None,True,True,,ellipse1
PowerSquare.g.en-US.resources:resources.baml,DoubleAnimationUsingKeyFrames_3:System.Windows.Media.Animation.Storyboard.TargetProperty,None,True,True,,Width
PowerSquare.g.en-US.resources:resources.baml,SplineDoubleKeyFrame_7:System.Windows.Media.Animation.SplineDoubleKeyFrame.$Content,None,True,True,,
PowerSquare.g.en-US.resources:resources.baml,SplineDoubleKeyFrame_7:System.Windows.Media.Animation.DoubleKeyFrame.KeyTime,None,True,False,,00:00:00.0
PowerSquare.g.en-US.resources:resources.baml,SplineDoubleKeyFrame_7:System.Windows.Media.Animation.DoubleKeyFrame.Value,None,False,True,,15
PowerSquare.g.en-US.resources:resources.baml,SplineDoubleKeyFrame_8:System.Windows.Media.Animation.SplineDoubleKeyFrame.$Content,None,True,True,,
PowerSquare.g.en-US.resources:resources.baml,SplineDoubleKeyFrame_8:System.Windows.Media.Animation.DoubleKeyFrame.KeyTime,None,True,False,,00:00:01.0
PowerSquare.g.en-US.resources:resources.baml,SplineDoubleKeyFrame_8:System.Windows.Media.Animation.DoubleKeyFrame.Value,None,False,True,,12
PowerSquare.g.en-US.resources:resources.baml,SplineDoubleKeyFrame_9:System.Windows.Media.Animation.SplineDoubleKeyFrame.$Content,None,True,True,,
PowerSquare.g.en-US.resources:resources.baml,SplineDoubleKeyFrame_9:System.Windows.Media.Animation.DoubleKeyFrame.KeyTime,None,True,False,,00:00:01.6
PowerSquare.g.en-US.resources:resources.baml,SplineDoubleKeyFrame_9:System.Windows.Media.Animation.DoubleKeyFrame.Value,None,False,True,,0
PowerSquare.g.en-US.resources:resources.baml,DoubleAnimationUsingKeyFrames_4:System.Windows.Media.Animation.DoubleAnimationUsingKeyFrames.$Content,None,False,True,,
PowerSquare.g.en-US.resources:resources.baml,DoubleAnimationUsingKeyFrames_4:System.Windows.Media.Animation.Storyboard.TargetName,None,True,True,,ellipse1
PowerSquare.g.en-US.resources:resources.baml,DoubleAnimationUsingKeyFrames_4:System.Windows.Media.Animation.Storyboard.TargetProperty,None,True,True,,Height
PowerSquare.g.en-US.resources:resources.baml,SplineDoubleKeyFrame_10:System.Windows.Media.Animation.SplineDoubleKeyFrame.$Content,None,True,True,,
PowerSquare.g.en-US.resources:resources.baml,SplineDoubleKeyFrame_10:System.Windows.Media.Animation.DoubleKeyFrame.KeyTime,None,True,False,,00:00:00.0
PowerSquare.g.en-US.resources:resources.baml,SplineDoubleKeyFrame_10:System.Windows.Media.Animation.DoubleKeyFrame.Value,None,False,True,,15
PowerSquare.g.en-US.resources:resources.baml,SplineDoubleKeyFrame_11:System.Windows.Media.Animation.SplineDoubleKeyFrame.$Content,None,True,True,,
PowerSquare.g.en-US.resources:resources.baml,SplineDoubleKeyFrame_11:System.Windows.Media.Animation.DoubleKeyFrame.KeyTime,None,True,False,,00:00:01.0
PowerSquare.g.en-US.resources:resources.baml,SplineDoubleKeyFrame_11:System.Windows.Media.Animation.DoubleKeyFrame.Value,None,False,True,,12
PowerSquare.g.en-US.resources:resources.baml,SplineDoubleKeyFrame_12:System.Windows.Media.Animation.SplineDoubleKeyFrame.$Content,None,True,True,,
PowerSquare.g.en-US.resources:resources.baml,SplineDoubleKeyFrame_12:System.Windows.Media.Animation.DoubleKeyFrame.KeyTime,None,True,False,,00:00:01.6
PowerSquare.g.en-US.resources:resources.baml,SplineDoubleKeyFrame_12:System.Windows.Media.Animation.DoubleKeyFrame.Value,None,False,True,,0
PowerSquare.g.en-US.resources:resources.baml,Storyboard_3:System.Windows.Media.Animation.Storyboard.$Content,None,False,True,,#ColorAnimationUsingKeyFrames_3;#DoubleAnimationUsingKeyFrames_5;#DoubleAnimationUsingKeyFrames_6;
PowerSquare.g.en-US.resources:resources.baml,Storyboard_3:System.Windows.Media.Animation.Timeline.BeginTime,None,True,False,,00:00:00.4
PowerSquare.g.en-US.resources:resources.baml,Storyboard_3:System.Windows.Media.Animation.Timeline.RepeatBehavior,None,True,False,,Forever
PowerSquare.g.en-US.resources:resources.baml,ColorAnimationUsingKeyFrames_3:System.Windows.Media.Animation.ColorAnimationUsingKeyFrames.$Content,None,False,True,,#SplineColorKeyFrame_5;#SplineColorKeyFrame_6;
PowerSquare.g.en-US.resources:resources.baml,ColorAnimationUsingKeyFrames_3:System.Windows.Media.Animation.Storyboard.TargetName,None,True,True,,ellipse2
PowerSquare.g.en-US.resources:resources.baml,ColorAnimationUsingKeyFrames_3:System.Windows.Media.Animation.Storyboard.TargetProperty,None,True,True,,(Shape.Fill).(SolidColorBrush.Color)
PowerSquare.g.en-US.resources:resources.baml,SplineColorKeyFrame_5:System.Windows.Media.Animation.SplineColorKeyFrame.$Content,None,True,True,,
PowerSquare.g.en-US.resources:resources.baml,SplineColorKeyFrame_5:System.Windows.Media.Animation.ColorKeyFrame.KeyTime,None,True,False,,00:00:00.0
PowerSquare.g.en-US.resources:resources.baml,SplineColorKeyFrame_6:System.Windows.Media.Animation.SplineColorKeyFrame.$Content,None,True,True,,
PowerSquare.g.en-US.resources:resources.baml,SplineColorKeyFrame_6:System.Windows.Media.Animation.ColorKeyFrame.KeyTime,None,True,False,,00:00:01.6
PowerSquare.g.en-US.resources:resources.baml,DoubleAnimationUsingKeyFrames_5:System.Windows.Media.Animation.DoubleAnimationUsingKeyFrames.$Content,None,False,True,,
PowerSquare.g.en-US.resources:resources.baml,DoubleAnimationUsingKeyFrames_5:System.Windows.Media.Animation.Storyboard.TargetName,None,True,True,,ellipse2
PowerSquare.g.en-US.resources:resources.baml,DoubleAnimationUsingKeyFrames_5:System.Windows.Media.Animation.Storyboard.TargetProperty,None,True,True,,Width
PowerSquare.g.en-US.resources:resources.baml,SplineDoubleKeyFrame_13:System.Windows.Media.Animation.SplineDoubleKeyFrame.$Content,None,True,True,,
PowerSquare.g.en-US.resources:resources.baml,SplineDoubleKeyFrame_13:System.Windows.Media.Animation.DoubleKeyFrame.KeyTime,None,True,False,,00:00:00.0
PowerSquare.g.en-US.resources:resources.baml,SplineDoubleKeyFrame_13:System.Windows.Media.Animation.DoubleKeyFrame.Value,None,False,True,,15
PowerSquare.g.en-US.resources:resources.baml,SplineDoubleKeyFrame_14:System.Windows.Media.Animation.SplineDoubleKeyFrame.$Content,None,True,True,,
PowerSquare.g.en-US.resources:resources.baml,SplineDoubleKeyFrame_14:System.Windows.Media.Animation.DoubleKeyFrame.KeyTime,None,True,False,,00:00:01.0
PowerSquare.g.en-US.resources:resources.baml,SplineDoubleKeyFrame_14:System.Windows.Media.Animation.DoubleKeyFrame.Value,None,False,True,,12
PowerSquare.g.en-US.resources:resources.baml,SplineDoubleKeyFrame_15:System.Windows.Media.Animation.SplineDoubleKeyFrame.$Content,None,True,True,,
PowerSquare.g.en-US.resources:resources.baml,SplineDoubleKeyFrame_15:System.Windows.Media.Animation.DoubleKeyFrame.KeyTime,None,True,False,,00:00:01.6
PowerSquare.g.en-US.resources:resources.baml,SplineDoubleKeyFrame_15:System.Windows.Media.Animation.DoubleKeyFrame.Value,None,False,True,,0
PowerSquare.g.en-US.resources:resources.baml,DoubleAnimationUsingKeyFrames_6:System.Windows.Media.Animation.DoubleAnimationUsingKeyFrames.$Content,None,False,True,,
PowerSquare.g.en-US.resources:resources.baml,DoubleAnimationUsingKeyFrames_6:System.Windows.Media.Animation.Storyboard.TargetName,None,True,True,,ellipse2
PowerSquare.g.en-US.resources:resources.baml,DoubleAnimationUsingKeyFrames_6:System.Windows.Media.Animation.Storyboard.TargetProperty,None,True,True,,Height
PowerSquare.g.en-US.resources:resources.baml,SplineDoubleKeyFrame_16:System.Windows.Media.Animation.SplineDoubleKeyFrame.$Content,None,True,True,,
PowerSquare.g.en-US.resources:resources.baml,SplineDoubleKeyFrame_16:System.Windows.Media.Animation.DoubleKeyFrame.KeyTime,None,True,False,,00:00:00.0
PowerSquare.g.en-US.resources:resources.baml,SplineDoubleKeyFrame_16:System.Windows.Media.Animation.DoubleKeyFrame.Value,None,False,True,,15
PowerSquare.g.en-US.resources:resources.baml,SplineDoubleKeyFrame_17:System.Windows.Media.Animation.SplineDoubleKeyFrame.$Content,None,True,True,,
PowerSquare.g.en-US.resources:resources.baml,SplineDoubleKeyFrame_17:System.Windows.Media.Animation.DoubleKeyFrame.KeyTime,None,True,False,,00:00:01.0
PowerSquare.g.en-US.resources:resources.baml,SplineDoubleKeyFrame_17:System.Windows.Media.Animation.DoubleKeyFrame.Value,None,False,True,,12
PowerSquare.g.en-US.resources:resources.baml,SplineDoubleKeyFrame_18:System.Windows.Media.Animation.SplineDoubleKeyFrame.$Content,None,True,True,,
PowerSquare.g.en-US.resources:resources.baml,SplineDoubleKeyFrame_18:System.Windows.Media.Animation.DoubleKeyFrame.KeyTime,None,True,False,,00:00:01.6
PowerSquare.g.en-US.resources:resources.baml,SplineDoubleKeyFrame_18:System.Windows.Media.Animation.DoubleKeyFrame.Value,None,False,True,,0
PowerSquare.g.en-US.resources:resources.baml,Storyboard_4:System.Windows.Media.Animation.Storyboard.$Content,None,False,True,,#ColorAnimationUsingKeyFrames_4;#DoubleAnimationUsingKeyFrames_7;#DoubleAnimationUsingKeyFrames_8;
PowerSquare.g.en-US.resources:resources.baml,Storyboard_4:System.Windows.Media.Animation.Timeline.BeginTime,None,True,False,,00:00:00.6
PowerSquare.g.en-US.resources:resources.baml,Storyboard_4:System.Windows.Media.Animation.Timeline.RepeatBehavior,None,True,False,,Forever
PowerSquare.g.en-US.resources:resources.baml,ColorAnimationUsingKeyFrames_4:System.Windows.Media.Animation.ColorAnimationUsingKeyFrames.$Content,None,False,True,,#SplineColorKeyFrame_7;#SplineColorKeyFrame_8;
PowerSquare.g.en-US.resources:resources.baml,ColorAnimationUsingKeyFrames_4:System.Windows.Media.Animation.Storyboard.TargetName,None,True,True,,ellipse3
PowerSquare.g.en-US.resources:resources.baml,ColorAnimationUsingKeyFrames_4:System.Windows.Media.Animation.Storyboard.TargetProperty,None,True,True,,(Shape.Fill).(SolidColorBrush.Color)
PowerSquare.g.en-US.resources:resources.baml,SplineColorKeyFrame_7:System.Windows.Media.Animation.SplineColorKeyFrame.$Content,None,True,True,,
PowerSquare.g.en-US.resources:resources.baml,SplineColorKeyFrame_7:System.Windows.Media.Animation.ColorKeyFrame.KeyTime,None,True,False,,00:00:00.0
PowerSquare.g.en-US.resources:resources.baml,SplineColorKeyFrame_8:System.Windows.Media.Animation.SplineColorKeyFrame.$Content,None,True,True,,
PowerSquare.g.en-US.resources:resources.baml,SplineColorKeyFrame_8:System.Windows.Media.Animation.ColorKeyFrame.KeyTime,None,True,False,,00:00:01.6
PowerSquare.g.en-US.resources:resources.baml,DoubleAnimationUsingKeyFrames_7:System.Windows.Media.Animation.DoubleAnimationUsingKeyFrames.$Content,None,False,True,,
PowerSquare.g.en-US.resources:resources.baml,DoubleAnimationUsingKeyFrames_7:System.Windows.Media.Animation.Storyboard.TargetName,None,True,True,,ellipse3
PowerSquare.g.en-US.resources:resources.baml,DoubleAnimationUsingKeyFrames_7:System.Windows.Media.Animation.Storyboard.TargetProperty,None,True,True,,Width
PowerSquare.g.en-US.resources:resources.baml,SplineDoubleKeyFrame_19:System.Windows.Media.Animation.SplineDoubleKeyFrame.$Content,None,True,True,,
PowerSquare.g.en-US.resources:resources.baml,SplineDoubleKeyFrame_19:System.Windows.Media.Animation.DoubleKeyFrame.KeyTime,None,True,False,,00:00:00.0
PowerSquare.g.en-US.resources:resources.baml,SplineDoubleKeyFrame_19:System.Windows.Media.Animation.DoubleKeyFrame.Value,None,False,True,,15
PowerSquare.g.en-US.resources:resources.baml,SplineDoubleKeyFrame_20:System.Windows.Media.Animation.SplineDoubleKeyFrame.$Content,None,True,True,,
PowerSquare.g.en-US.resources:resources.baml,SplineDoubleKeyFrame_20:System.Windows.Media.Animation.DoubleKeyFrame.KeyTime,None,True,False,,00:00:01.0
PowerSquare.g.en-US.resources:resources.baml,SplineDoubleKeyFrame_20:System.Windows.Media.Animation.DoubleKeyFrame.Value,None,False,True,,12
PowerSquare.g.en-US.resources:resources.baml,SplineDoubleKeyFrame_21:System.Windows.Media.Animation.SplineDoubleKeyFrame.$Content,None,True,True,,
PowerSquare.g.en-US.resources:resources.baml,SplineDoubleKeyFrame_21:System.Windows.Media.Animation.DoubleKeyFrame.KeyTime,None,True,False,,00:00:01.6
PowerSquare.g.en-US.resources:resources.baml,SplineDoubleKeyFrame_21:System.Windows.Media.Animation.DoubleKeyFrame.Value,None,False,True,,0
PowerSquare.g.en-US.resources:resources.baml,DoubleAnimationUsingKeyFrames_8:System.Windows.Media.Animation.DoubleAnimationUsingKeyFrames.$Content,None,False,True,,
PowerSquare.g.en-US.resources:resources.baml,DoubleAnimationUsingKeyFrames_8:System.Windows.Media.Animation.Storyboard.TargetName,None,True,True,,ellipse3
PowerSquare.g.en-US.resources:resources.baml,DoubleAnimationUsingKeyFrames_8:System.Windows.Media.Animation.Storyboard.TargetProperty,None,True,True,,Height
PowerSquare.g.en-US.resources:resources.baml,SplineDoubleKeyFrame_22:System.Windows.Media.Animation.SplineDoubleKeyFrame.$Content,None,True,True,,
PowerSquare.g.en-US.resources:resources.baml,SplineDoubleKeyFrame_22:System.Windows.Media.Animation.DoubleKeyFrame.KeyTime,None,True,False,,00:00:00.0
PowerSquare.g.en-US.resources:resources.baml,SplineDoubleKeyFrame_22:System.Windows.Media.Animation.DoubleKeyFrame.Value,None,False,True,,15
PowerSquare.g.en-US.resources:resources.baml,SplineDoubleKeyFrame_23:System.Windows.Media.Animation.SplineDoubleKeyFrame.$Content,None,True,True,,
PowerSquare.g.en-US.resources:resources.baml,SplineDoubleKeyFrame_23:System.Windows.Media.Animation.DoubleKeyFrame.KeyTime,None,True,False,,00:00:01.0
PowerSquare.g.en-US.resources:resources.baml,SplineDoubleKeyFrame_23:System.Windows.Media.Animation.DoubleKeyFrame.Value,None,False,True,,12
PowerSquare.g.en-US.resources:resources.baml,SplineDoubleKeyFrame_24:System.Windows.Media.Animation.SplineDoubleKeyFrame.$Content,None,True,True,,
PowerSquare.g.en-US.resources:resources.baml,SplineDoubleKeyFrame_24:System.Windows.Media.Animation.DoubleKeyFrame.KeyTime,None,True,False,,00:00:01.6
PowerSquare.g.en-US.resources:resources.baml,SplineDoubleKeyFrame_24:System.Windows.Media.Animation.DoubleKeyFrame.Value,None,False,True,,0
PowerSquare.g.en-US.resources:resources.baml,Storyboard_5:System.Windows.Media.Animation.Storyboard.$Content,None,False,True,,#ColorAnimationUsingKeyFrames_5;#DoubleAnimationUsingKeyFrames_9;#DoubleAnimationUsingKeyFrames_10;
PowerSquare.g.en-US.resources:resources.baml,Storyboard_5:System.Windows.Media.Animation.Timeline.BeginTime,None,True,False,,00:00:00.8
PowerSquare.g.en-US.resources:resources.baml,Storyboard_5:System.Windows.Media.Animation.Timeline.RepeatBehavior,None,True,False,,Forever
PowerSquare.g.en-US.resources:resources.baml,ColorAnimationUsingKeyFrames_5:System.Windows.Media.Animation.ColorAnimationUsingKeyFrames.$Content,None,False,True,,#SplineColorKeyFrame_9;#SplineColorKeyFrame_10;
PowerSquare.g.en-US.resources:resources.baml,ColorAnimationUsingKeyFrames_5:System.Windows.Media.Animation.Storyboard.TargetName,None,True,True,,ellipse4
PowerSquare.g.en-US.resources:resources.baml,ColorAnimationUsingKeyFrames_5:System.Windows.Media.Animation.Storyboard.TargetProperty,None,True,True,,(Shape.Fill).(SolidColorBrush.Color)
PowerSquare.g.en-US.resources:resources.baml,SplineColorKeyFrame_9:System.Windows.Media.Animation.SplineColorKeyFrame.$Content,None,True,True,,
PowerSquare.g.en-US.resources:resources.baml,SplineColorKeyFrame_9:System.Windows.Media.Animation.ColorKeyFrame.KeyTime,None,True,False,,00:00:00.0
PowerSquare.g.en-US.resources:resources.baml,SplineColorKeyFrame_10:System.Windows.Media.Animation.SplineColorKeyFrame.$Content,None,True,True,,
PowerSquare.g.en-US.resources:resources.baml,SplineColorKeyFrame_10:System.Windows.Media.Animation.ColorKeyFrame.KeyTime,None,True,False,,00:00:01.6
PowerSquare.g.en-US.resources:resources.baml,DoubleAnimationUsingKeyFrames_9:System.Windows.Media.Animation.DoubleAnimationUsingKeyFrames.$Content,None,False,True,,
PowerSquare.g.en-US.resources:resources.baml,DoubleAnimationUsingKeyFrames_9:System.Windows.Media.Animation.Storyboard.TargetName,None,True,True,,ellipse4
PowerSquare.g.en-US.resources:resources.baml,DoubleAnimationUsingKeyFrames_9:System.Windows.Media.Animation.Storyboard.TargetProperty,None,True,True,,Width
PowerSquare.g.en-US.resources:resources.baml,SplineDoubleKeyFrame_25:System.Windows.Media.Animation.SplineDoubleKeyFrame.$Content,None,True,True,,
PowerSquare.g.en-US.resources:resources.baml,SplineDoubleKeyFrame_25:System.Windows.Media.Animation.DoubleKeyFrame.KeyTime,None,True,False,,00:00:00.0
PowerSquare.g.en-US.resources:resources.baml,SplineDoubleKeyFrame_25:System.Windows.Media.Animation.DoubleKeyFrame.Value,None,False,True,,15
PowerSquare.g.en-US.resources:resources.baml,SplineDoubleKeyFrame_26:System.Windows.Media.Animation.SplineDoubleKeyFrame.$Content,None,True,True,,
PowerSquare.g.en-US.resources:resources.baml,SplineDoubleKeyFrame_26:System.Windows.Media.Animation.DoubleKeyFrame.KeyTime,None,True,False,,00:00:01.0
PowerSquare.g.en-US.resources:resources.baml,SplineDoubleKeyFrame_26:System.Windows.Media.Animation.DoubleKeyFrame.Value,None,False,True,,12
PowerSquare.g.en-US.resources:resources.baml,SplineDoubleKeyFrame_27:System.Windows.Media.Animation.SplineDoubleKeyFrame.$Content,None,True,True,,
PowerSquare.g.en-US.resources:resources.baml,SplineDoubleKeyFrame_27:System.Windows.Media.Animation.DoubleKeyFrame.KeyTime,None,True,False,,00:00:01.6
PowerSquare.g.en-US.resources:resources.baml,SplineDoubleKeyFrame_27:System.Windows.Media.Animation.DoubleKeyFrame.Value,None,False,True,,0
PowerSquare.g.en-US.resources:resources.baml,DoubleAnimationUsingKeyFrames_10:System.Windows.Media.Animation.DoubleAnimationUsingKeyFrames.$Content,None,False,True,,
PowerSquare.g.en-US.resources:resources.baml,DoubleAnimationUsingKeyFrames_10:System.Windows.Media.Animation.Storyboard.TargetName,None,True,True,,ellipse4
PowerSquare.g.en-US.resources:resources.baml,DoubleAnimationUsingKeyFrames_10:System.Windows.Media.Animation.Storyboard.TargetProperty,None,True,True,,Height
PowerSquare.g.en-US.resources:resources.baml,SplineDoubleKeyFrame_28:System.Windows.Media.Animation.SplineDoubleKeyFrame.$Content,None,True,True,,
PowerSquare.g.en-US.resources:resources.baml,SplineDoubleKeyFrame_28:System.Windows.Media.Animation.DoubleKeyFrame.KeyTime,None,True,False,,00:00:00.0
PowerSquare.g.en-US.resources:resources.baml,SplineDoubleKeyFrame_28:System.Windows.Media.Animation.DoubleKeyFrame.Value,None,False,True,,15
PowerSquare.g.en-US.resources:resources.baml,SplineDoubleKeyFrame_29:System.Windows.Media.Animation.SplineDoubleKeyFrame.$Content,None,True,True,,
PowerSquare.g.en-US.resources:resources.baml,SplineDoubleKeyFrame_29:System.Windows.Media.Animation.DoubleKeyFrame.KeyTime,None,True,False,,00:00:01.0
PowerSquare.g.en-US.resources:resources.baml,SplineDoubleKeyFrame_29:System.Windows.Media.Animation.DoubleKeyFrame.Value,None,False,True,,12
PowerSquare.g.en-US.resources:resources.baml,SplineDoubleKeyFrame_30:System.Windows.Media.Animation.SplineDoubleKeyFrame.$Content,None,True,True,,
PowerSquare.g.en-US.resources:resources.baml,SplineDoubleKeyFrame_30:System.Windows.Media.Animation.DoubleKeyFrame.KeyTime,None,True,False,,00:00:01.6
PowerSquare.g.en-US.resources:resources.baml,SplineDoubleKeyFrame_30:System.Windows.Media.Animation.DoubleKeyFrame.Value,None,False,True,,0
PowerSquare.g.en-US.resources:resources.baml,Storyboard_6:System.Windows.Media.Animation.Storyboard.$Content,None,False,True,,#ColorAnimationUsingKeyFrames_6;#DoubleAnimationUsingKeyFrames_11;#DoubleAnimationUsingKeyFrames_12;
PowerSquare.g.en-US.resources:resources.baml,Storyboard_6:System.Windows.Media.Animation.Timeline.BeginTime,None,True,False,,00:00:01.0
PowerSquare.g.en-US.resources:resources.baml,Storyboard_6:System.Windows.Media.Animation.Timeline.RepeatBehavior,None,True,False,,Forever
PowerSquare.g.en-US.resources:resources.baml,ColorAnimationUsingKeyFrames_6:System.Windows.Media.Animation.ColorAnimationUsingKeyFrames.$Content,None,False,True,,#SplineColorKeyFrame_11;#SplineColorKeyFrame_12;
PowerSquare.g.en-US.resources:resources.baml,ColorAnimationUsingKeyFrames_6:System.Windows.Media.Animation.Storyboard.TargetName,None,True,True,,ellipse5
PowerSquare.g.en-US.resources:resources.baml,ColorAnimationUsingKeyFrames_6:System.Windows.Media.Animation.Storyboard.TargetProperty,None,True,True,,(Shape.Fill).(SolidColorBrush.Color)
PowerSquare.g.en-US.resources:resources.baml,SplineColorKeyFrame_11:System.Windows.Media.Animation.SplineColorKeyFrame.$Content,None,True,True,,
PowerSquare.g.en-US.resources:resources.baml,SplineColorKeyFrame_11:System.Windows.Media.Animation.ColorKeyFrame.KeyTime,None,True,False,,00:00:00.0
PowerSquare.g.en-US.resources:resources.baml,SplineColorKeyFrame_12:System.Windows.Media.Animation.SplineColorKeyFrame.$Content,None,True,True,,
PowerSquare.g.en-US.resources:resources.baml,SplineColorKeyFrame_12:System.Windows.Media.Animation.ColorKeyFrame.KeyTime,None,True,False,,00:00:01.6
PowerSquare.g.en-US.resources:resources.baml,DoubleAnimationUsingKeyFrames_11:System.Windows.Media.Animation.DoubleAnimationUsingKeyFrames.$Content,None,False,True,,
PowerSquare.g.en-US.resources:resources.baml,DoubleAnimationUsingKeyFrames_11:System.Windows.Media.Animation.Storyboard.TargetName,None,True,True,,ellipse5
PowerSquare.g.en-US.resources:resources.baml,DoubleAnimationUsingKeyFrames_11:System.Windows.Media.Animation.Storyboard.TargetProperty,None,True,True,,Width
PowerSquare.g.en-US.resources:resources.baml,SplineDoubleKeyFrame_31:System.Windows.Media.Animation.SplineDoubleKeyFrame.$Content,None,True,True,,
PowerSquare.g.en-US.resources:resources.baml,SplineDoubleKeyFrame_31:System.Windows.Media.Animation.DoubleKeyFrame.KeyTime,None,True,False,,00:00:00.0
PowerSquare.g.en-US.resources:resources.baml,SplineDoubleKeyFrame_31:System.Windows.Media.Animation.DoubleKeyFrame.Value,None,False,True,,15
PowerSquare.g.en-US.resources:resources.baml,SplineDoubleKeyFrame_32:System.Windows.Media.Animation.SplineDoubleKeyFrame.$Content,None,True,True,,
PowerSquare.g.en-US.resources:resources.baml,SplineDoubleKeyFrame_32:System.Windows.Media.Animation.DoubleKeyFrame.KeyTime,None,True,False,,00:00:01.0
PowerSquare.g.en-US.resources:resources.baml,SplineDoubleKeyFrame_32:System.Windows.Media.Animation.DoubleKeyFrame.Value,None,False,True,,12
PowerSquare.g.en-US.resources:resources.baml,SplineDoubleKeyFrame_33:System.Windows.Media.Animation.SplineDoubleKeyFrame.$Content,None,True,True,,
PowerSquare.g.en-US.resources:resources.baml,SplineDoubleKeyFrame_33:System.Windows.Media.Animation.DoubleKeyFrame.KeyTime,None,True,False,,00:00:01.6
PowerSquare.g.en-US.resources:resources.baml,SplineDoubleKeyFrame_33:System.Windows.Media.Animation.DoubleKeyFrame.Value,None,False,True,,0
PowerSquare.g.en-US.resources:resources.baml,DoubleAnimationUsingKeyFrames_12:System.Windows.Media.Animation.DoubleAnimationUsingKeyFrames.$Content,None,False,True,,
PowerSquare.g.en-US.resources:resources.baml,DoubleAnimationUsingKeyFrames_12:System.Windows.Media.Animation.Storyboard.TargetName,None,True,True,,ellipse5
PowerSquare.g.en-US.resources:resources.baml,DoubleAnimationUsingKeyFrames_12:System.Windows.Media.Animation.Storyboard.TargetProperty,None,True,True,,Height
PowerSquare.g.en-US.resources:resources.baml,SplineDoubleKeyFrame_34:System.Windows.Media.Animation.SplineDoubleKeyFrame.$Content,None,True,True,,
PowerSquare.g.en-US.resources:resources.baml,SplineDoubleKeyFrame_34:System.Windows.Media.Animation.DoubleKeyFrame.KeyTime,None,True,False,,00:00:00.0
PowerSquare.g.en-US.resources:resources.baml,SplineDoubleKeyFrame_34:System.Windows.Media.Animation.DoubleKeyFrame.Value,None,False,True,,15
PowerSquare.g.en-US.resources:resources.baml,SplineDoubleKeyFrame_35:System.Windows.Media.Animation.SplineDoubleKeyFrame.$Content,None,True,True,,
PowerSquare.g.en-US.resources:resources.baml,SplineDoubleKeyFrame_35:System.Windows.Media.Animation.DoubleKeyFrame.KeyTime,None,True,False,,00:00:01.0
PowerSquare.g.en-US.resources:resources.baml,SplineDoubleKeyFrame_35:System.Windows.Media.Animation.DoubleKeyFrame.Value,None,False,True,,12
PowerSquare.g.en-US.resources:resources.baml,SplineDoubleKeyFrame_36:System.Windows.Media.Animation.SplineDoubleKeyFrame.$Content,None,True,True,,
PowerSquare.g.en-US.resources:resources.baml,SplineDoubleKeyFrame_36:System.Windows.Media.Animation.DoubleKeyFrame.KeyTime,None,True,False,,00:00:01.6
PowerSquare.g.en-US.resources:resources.baml,SplineDoubleKeyFrame_36:System.Windows.Media.Animation.DoubleKeyFrame.Value,None,False,True,,0
PowerSquare.g.en-US.resources:resources.baml,Storyboard_7:System.Windows.Media.Animation.Storyboard.$Content,None,False,True,,#ColorAnimationUsingKeyFrames_7;#DoubleAnimationUsingKeyFrames_13;#DoubleAnimationUsingKeyFrames_14;
PowerSquare.g.en-US.resources:resources.baml,Storyboard_7:System.Windows.Media.Animation.Timeline.BeginTime,None,True,False,,00:00:01.2
PowerSquare.g.en-US.resources:resources.baml,Storyboard_7:System.Windows.Media.Animation.Timeline.RepeatBehavior,None,True,False,,Forever
PowerSquare.g.en-US.resources:resources.baml,ColorAnimationUsingKeyFrames_7:System.Windows.Media.Animation.ColorAnimationUsingKeyFrames.$Content,None,False,True,,#SplineColorKeyFrame_13;#SplineColorKeyFrame_14;
PowerSquare.g.en-US.resources:resources.baml,ColorAnimationUsingKeyFrames_7:System.Windows.Media.Animation.Storyboard.TargetName,None,True,True,,ellipse6
PowerSquare.g.en-US.resources:resources.baml,ColorAnimationUsingKeyFrames_7:System.Windows.Media.Animation.Storyboard.TargetProperty,None,True,True,,(Shape.Fill).(SolidColorBrush.Color)
PowerSquare.g.en-US.resources:resources.baml,SplineColorKeyFrame_13:System.Windows.Media.Animation.SplineColorKeyFrame.$Content,None,True,True,,
PowerSquare.g.en-US.resources:resources.baml,SplineColorKeyFrame_13:System.Windows.Media.Animation.ColorKeyFrame.KeyTime,None,True,False,,00:00:00.0
PowerSquare.g.en-US.resources:resources.baml,SplineColorKeyFrame_14:System.Windows.Media.Animation.SplineColorKeyFrame.$Content,None,True,True,,
PowerSquare.g.en-US.resources:resources.baml,SplineColorKeyFrame_14:System.Windows.Media.Animation.ColorKeyFrame.KeyTime,None,True,False,,00:00:01.6
PowerSquare.g.en-US.resources:resources.baml,DoubleAnimationUsingKeyFrames_13:System.Windows.Media.Animation.DoubleAnimationUsingKeyFrames.$Content,None,False,True,,
PowerSquare.g.en-US.resources:resources.baml,DoubleAnimationUsingKeyFrames_13:System.Windows.Media.Animation.Storyboard.TargetName,None,True,True,,ellipse6
PowerSquare.g.en-US.resources:resources.baml,DoubleAnimationUsingKeyFrames_13:System.Windows.Media.Animation.Storyboard.TargetProperty,None,True,True,,Width
PowerSquare.g.en-US.resources:resources.baml,SplineDoubleKeyFrame_37:System.Windows.Media.Animation.SplineDoubleKeyFrame.$Content,None,True,True,,
PowerSquare.g.en-US.resources:resources.baml,SplineDoubleKeyFrame_37:System.Windows.Media.Animation.DoubleKeyFrame.KeyTime,None,True,False,,00:00:00.0
PowerSquare.g.en-US.resources:resources.baml,SplineDoubleKeyFrame_37:System.Windows.Media.Animation.DoubleKeyFrame.Value,None,False,True,,15
PowerSquare.g.en-US.resources:resources.baml,SplineDoubleKeyFrame_38:System.Windows.Media.Animation.SplineDoubleKeyFrame.$Content,None,True,True,,
PowerSquare.g.en-US.resources:resources.baml,SplineDoubleKeyFrame_38:System.Windows.Media.Animation.DoubleKeyFrame.KeyTime,None,True,False,,00:00:01.0
PowerSquare.g.en-US.resources:resources.baml,SplineDoubleKeyFrame_38:System.Windows.Media.Animation.DoubleKeyFrame.Value,None,False,True,,12
PowerSquare.g.en-US.resources:resources.baml,SplineDoubleKeyFrame_39:System.Windows.Media.Animation.SplineDoubleKeyFrame.$Content,None,True,True,,
PowerSquare.g.en-US.resources:resources.baml,SplineDoubleKeyFrame_39:System.Windows.Media.Animation.DoubleKeyFrame.KeyTime,None,True,False,,00:00:01.6
PowerSquare.g.en-US.resources:resources.baml,SplineDoubleKeyFrame_39:System.Windows.Media.Animation.DoubleKeyFrame.Value,None,False,True,,0
PowerSquare.g.en-US.resources:resources.baml,DoubleAnimationUsingKeyFrames_14:System.Windows.Media.Animation.DoubleAnimationUsingKeyFrames.$Content,None,False,True,,
PowerSquare.g.en-US.resources:resources.baml,DoubleAnimationUsingKeyFrames_14:System.Windows.Media.Animation.Storyboard.TargetName,None,True,True,,ellipse6
PowerSquare.g.en-US.resources:resources.baml,DoubleAnimationUsingKeyFrames_14:System.Windows.Media.Animation.Storyboard.TargetProperty,None,True,True,,Height
PowerSquare.g.en-US.resources:resources.baml,SplineDoubleKeyFrame_40:System.Windows.Media.Animation.SplineDoubleKeyFrame.$Content,None,True,True,,
PowerSquare.g.en-US.resources:resources.baml,SplineDoubleKeyFrame_40:System.Windows.Media.Animation.DoubleKeyFrame.KeyTime,None,True,False,,00:00:00.0
PowerSquare.g.en-US.resources:resources.baml,SplineDoubleKeyFrame_40:System.Windows.Media.Animation.DoubleKeyFrame.Value,None,False,True,,15
PowerSquare.g.en-US.resources:resources.baml,SplineDoubleKeyFrame_41:System.Windows.Media.Animation.SplineDoubleKeyFrame.$Content,None,True,True,,
PowerSquare.g.en-US.resources:resources.baml,SplineDoubleKeyFrame_41:System.Windows.Media.Animation.DoubleKeyFrame.KeyTime,None,True,False,,00:00:01.0
PowerSquare.g.en-US.resources:resources.baml,SplineDoubleKeyFrame_41:System.Windows.Media.Animation.DoubleKeyFrame.Value,None,False,True,,12
PowerSquare.g.en-US.resources:resources.baml,SplineDoubleKeyFrame_42:System.Windows.Media.Animation.SplineDoubleKeyFrame.$Content,None,True,True,,
PowerSquare.g.en-US.resources:resources.baml,SplineDoubleKeyFrame_42:System.Windows.Media.Animation.DoubleKeyFrame.KeyTime,None,True,False,,00:00:01.6
PowerSquare.g.en-US.resources:resources.baml,SplineDoubleKeyFrame_42:System.Windows.Media.Animation.DoubleKeyFrame.Value,None,False,True,,0
PowerSquare.g.en-US.resources:resources.baml,Storyboard_8:System.Windows.Media.Animation.Storyboard.$Content,None,False,True,,#ColorAnimationUsingKeyFrames_8;#DoubleAnimationUsingKeyFrames_15;#DoubleAnimationUsingKeyFrames_16;
PowerSquare.g.en-US.resources:resources.baml,Storyboard_8:System.Windows.Media.Animation.Timeline.BeginTime,None,True,False,,00:00:01.4
PowerSquare.g.en-US.resources:resources.baml,Storyboard_8:System.Windows.Media.Animation.Timeline.RepeatBehavior,None,True,False,,Forever
PowerSquare.g.en-US.resources:resources.baml,ColorAnimationUsingKeyFrames_8:System.Windows.Media.Animation.ColorAnimationUsingKeyFrames.$Content,None,False,True,,#SplineColorKeyFrame_15;#SplineColorKeyFrame_16;
PowerSquare.g.en-US.resources:resources.baml,ColorAnimationUsingKeyFrames_8:System.Windows.Media.Animation.Storyboard.TargetName,None,True,True,,ellipse7
PowerSquare.g.en-US.resources:resources.baml,ColorAnimationUsingKeyFrames_8:System.Windows.Media.Animation.Storyboard.TargetProperty,None,True,True,,(Shape.Fill).(SolidColorBrush.Color)
PowerSquare.g.en-US.resources:resources.baml,SplineColorKeyFrame_15:System.Windows.Media.Animation.SplineColorKeyFrame.$Content,None,True,True,,
PowerSquare.g.en-US.resources:resources.baml,SplineColorKeyFrame_15:System.Windows.Media.Animation.ColorKeyFrame.KeyTime,None,True,False,,00:00:00.0
PowerSquare.g.en-US.resources:resources.baml,SplineColorKeyFrame_16:System.Windows.Media.Animation.SplineColorKeyFrame.$Content,None,True,True,,
PowerSquare.g.en-US.resources:resources.baml,SplineColorKeyFrame_16:System.Windows.Media.Animation.ColorKeyFrame.KeyTime,None,True,False,,00:00:01.6
PowerSquare.g.en-US.resources:resources.baml,DoubleAnimationUsingKeyFrames_15:System.Windows.Media.Animation.DoubleAnimationUsingKeyFrames.$Content,None,False,True,,
PowerSquare.g.en-US.resources:resources.baml,DoubleAnimationUsingKeyFrames_15:System.Windows.Media.Animation.Storyboard.TargetName,None,True,True,,ellipse7
PowerSquare.g.en-US.resources:resources.baml,DoubleAnimationUsingKeyFrames_15:System.Windows.Media.Animation.Storyboard.TargetProperty,None,True,True,,Width
PowerSquare.g.en-US.resources:resources.baml,SplineDoubleKeyFrame_43:System.Windows.Media.Animation.SplineDoubleKeyFrame.$Content,None,True,True,,
PowerSquare.g.en-US.resources:resources.baml,SplineDoubleKeyFrame_43:System.Windows.Media.Animation.DoubleKeyFrame.KeyTime,None,True,False,,00:00:00.0
PowerSquare.g.en-US.resources:resources.baml,SplineDoubleKeyFrame_43:System.Windows.Media.Animation.DoubleKeyFrame.Value,None,False,True,,15
PowerSquare.g.en-US.resources:resources.baml,SplineDoubleKeyFrame_44:System.Windows.Media.Animation.SplineDoubleKeyFrame.$Content,None,True,True,,
PowerSquare.g.en-US.resources:resources.baml,SplineDoubleKeyFrame_44:System.Windows.Media.Animation.DoubleKeyFrame.KeyTime,None,True,False,,00:00:01.0
PowerSquare.g.en-US.resources:resources.baml,SplineDoubleKeyFrame_44:System.Windows.Media.Animation.DoubleKeyFrame.Value,None,False,True,,12
PowerSquare.g.en-US.resources:resources.baml,SplineDoubleKeyFrame_45:System.Windows.Media.Animation.SplineDoubleKeyFrame.$Content,None,True,True,,
PowerSquare.g.en-US.resources:resources.baml,SplineDoubleKeyFrame_45:System.Windows.Media.Animation.DoubleKeyFrame.KeyTime,None,True,False,,00:00:01.6
PowerSquare.g.en-US.resources:resources.baml,SplineDoubleKeyFrame_45:System.Windows.Media.Animation.DoubleKeyFrame.Value,None,False,True,,0
PowerSquare.g.en-US.resources:resources.baml,DoubleAnimationUsingKeyFrames_16:System.Windows.Media.Animation.DoubleAnimationUsingKeyFrames.$Content,None,False,True,,
PowerSquare.g.en-US.resources:resources.baml,DoubleAnimationUsingKeyFrames_16:System.Windows.Media.Animation.Storyboard.TargetName,None,True,True,,ellipse7
PowerSquare.g.en-US.resources:resources.baml,DoubleAnimationUsingKeyFrames_16:System.Windows.Media.Animation.Storyboard.TargetProperty,None,True,True,,Height
PowerSquare.g.en-US.resources:resources.baml,SplineDoubleKeyFrame_46:System.Windows.Media.Animation.SplineDoubleKeyFrame.$Content,None,True,True,,
PowerSquare.g.en-US.resources:resources.baml,SplineDoubleKeyFrame_46:System.Windows.Media.Animation.DoubleKeyFrame.KeyTime,None,True,False,,00:00:00.0
PowerSquare.g.en-US.resources:resources.baml,SplineDoubleKeyFrame_46:System.Windows.Media.Animation.DoubleKeyFrame.Value,None,False,True,,15
PowerSquare.g.en-US.resources:resources.baml,SplineDoubleKeyFrame_47:System.Windows.Media.Animation.SplineDoubleKeyFrame.$Content,None,True,True,,
PowerSquare.g.en-US.resources:resources.baml,SplineDoubleKeyFrame_47:System.Windows.Media.Animation.DoubleKeyFrame.KeyTime,None,True,False,,00:00:01.0
PowerSquare.g.en-US.resources:resources.baml,SplineDoubleKeyFrame_47:System.Windows.Media.Animation.DoubleKeyFrame.Value,None,False,True,,12
PowerSquare.g.en-US.resources:resources.baml,SplineDoubleKeyFrame_48:System.Windows.Media.Animation.SplineDoubleKeyFrame.$Content,None,True,True,,
PowerSquare.g.en-US.resources:resources.baml,SplineDoubleKeyFrame_48:System.Windows.Media.Animation.DoubleKeyFrame.KeyTime,None,True,False,,00:00:01.6
PowerSquare.g.en-US.resources:resources.baml,SplineDoubleKeyFrame_48:System.Windows.Media.Animation.DoubleKeyFrame.Value,None,False,True,,0
PowerSquare.g.en-US.resources:resources.baml,Trigger_2:System.Windows.Trigger.$Content,None,False,True,,
PowerSquare.g.en-US.resources:resources.baml,Trigger_2:System.Windows.Trigger.Property,None,False,False,,UIElement.IsVisible
PowerSquare.g.en-US.resources:resources.baml,Trigger_2:System.Windows.Trigger.Value,None,False,True,,True
PowerSquare.g.en-US.resources:resources.baml,Storyboard0:System.Windows.Media.Animation.BeginStoryboard.$Content,None,True,True,,
PowerSquare.g.en-US.resources:resources.baml,Storyboard0:System.Windows.Media.Animation.BeginStoryboard.Name,None,True,True,,Storyboard0
PowerSquare.g.en-US.resources:resources.baml,Storyboard1:System.Windows.Media.Animation.BeginStoryboard.$Content,None,True,True,,
PowerSquare.g.en-US.resources:resources.baml,Storyboard1:System.Windows.Media.Animation.BeginStoryboard.Name,None,True,True,,Storyboard1
PowerSquare.g.en-US.resources:resources.baml,Storyboard2:System.Windows.Media.Animation.BeginStoryboard.$Content,None,True,True,,
PowerSquare.g.en-US.resources:resources.baml,Storyboard2:System.Windows.Media.Animation.BeginStoryboard.Name,None,True,True,,Storyboard2
PowerSquare.g.en-US.resources:resources.baml,Storyboard3:System.Windows.Media.Animation.BeginStoryboard.$Content,None,True,True,,
PowerSquare.g.en-US.resources:resources.baml,Storyboard3:System.Windows.Media.Animation.BeginStoryboard.Name,None,True,True,,Storyboard3
PowerSquare.g.en-US.resources:resources.baml,Storyboard4:System.Windows.Media.Animation.BeginStoryboard.$Content,None,True,True,,
PowerSquare.g.en-US.resources:resources.baml,Storyboard4:System.Windows.Media.Animation.BeginStoryboard.Name,None,True,True,,Storyboard4
PowerSquare.g.en-US.resources:resources.baml,Storyboard5:System.Windows.Media.Animation.BeginStoryboard.$Content,None,True,True,,
PowerSquare.g.en-US.resources:resources.baml,Storyboard5:System.Windows.Media.Animation.BeginStoryboard.Name,None,True,True,,Storyboard5
PowerSquare.g.en-US.resources:resources.baml,Storyboard6:System.Windows.Media.Animation.BeginStoryboard.$Content,None,True,True,,
PowerSquare.g.en-US.resources:resources.baml,Storyboard6:System.Windows.Media.Animation.BeginStoryboard.Name,None,True,True,,Storyboard6
PowerSquare.g.en-US.resources:resources.baml,Storyboard7:System.Windows.Media.Animation.BeginStoryboard.$Content,None,True,True,,
PowerSquare.g.en-US.resources:resources.baml,Storyboard7:System.Windows.Media.Animation.BeginStoryboard.Name,None,True,True,,Storyboard7
PowerSquare.g.en-US.resources:resources.baml,StopStoryboard_1:System.Windows.Media.Animation.StopStoryboard.$Content,None,True,True,,
PowerSquare.g.en-US.resources:resources.baml,StopStoryboard_1:System.Windows.Media.Animation.ControllableStoryboardAction.BeginStoryboardName,None,True,True,,Storyboard0
PowerSquare.g.en-US.resources:resources.baml,StopStoryboard_2:System.Windows.Media.Animation.StopStoryboard.$Content,None,True,True,,
PowerSquare.g.en-US.resources:resources.baml,StopStoryboard_2:System.Windows.Media.Animation.ControllableStoryboardAction.BeginStoryboardName,None,True,True,,Storyboard1
PowerSquare.g.en-US.resources:resources.baml,StopStoryboard_3:System.Windows.Media.Animation.StopStoryboard.$Content,None,True,True,,
PowerSquare.g.en-US.resources:resources.baml,StopStoryboard_3:System.Windows.Media.Animation.ControllableStoryboardAction.BeginStoryboardName,None,True,True,,Storyboard2
PowerSquare.g.en-US.resources:resources.baml,StopStoryboard_4:System.Windows.Media.Animation.StopStoryboard.$Content,None,True,True,,
PowerSquare.g.en-US.resources:resources.baml,StopStoryboard_4:System.Windows.Media.Animation.ControllableStoryboardAction.BeginStoryboardName,None,True,True,,Storyboard3
PowerSquare.g.en-US.resources:resources.baml,StopStoryboard_5:System.Windows.Media.Animation.StopStoryboard.$Content,None,True,True,,
PowerSquare.g.en-US.resources:resources.baml,StopStoryboard_5:System.Windows.Media.Animation.ControllableStoryboardAction.BeginStoryboardName,None,True,True,,Storyboard4
PowerSquare.g.en-US.resources:resources.baml,StopStoryboard_6:System.Windows.Media.Animation.StopStoryboard.$Content,None,True,True,,
PowerSquare.g.en-US.resources:resources.baml,StopStoryboard_6:System.Windows.Media.Animation.ControllableStoryboardAction.BeginStoryboardName,None,True,True,,Storyboard5
PowerSquare.g.en-US.resources:resources.baml,StopStoryboard_7:System.Windows.Media.Animation.StopStoryboard.$Content,None,True,True,,
PowerSquare.g.en-US.resources:resources.baml,StopStoryboard_7:System.Windows.Media.Animation.ControllableStoryboardAction.BeginStoryboardName,None,True,True,,Storyboard6
PowerSquare.g.en-US.resources:resources.baml,StopStoryboard_8:System.Windows.Media.Animation.StopStoryboard.$Content,None,True,True,,
PowerSquare.g.en-US.resources:resources.baml,StopStoryboard_8:System.Windows.Media.Animation.ControllableStoryboardAction.BeginStoryboardName,None,True,True,,Storyboard7
PowerSquare.g.en-US.resources:resources.baml,Canvas_1:System.Windows.FrameworkElement.Height,None,False,True,,60
PowerSquare.g.en-US.resources:resources.baml,Canvas_1:System.Windows.FrameworkElement.Width,None,False,True,,60
PowerSquare.g.en-US.resources:resources.baml,Setter_8:System.Windows.Setter.Property,None,False,False,,FrameworkElement.Width
PowerSquare.g.en-US.resources:resources.baml,Setter_8:System.Windows.Setter.Value,None,False,True,,15
PowerSquare.g.en-US.resources:resources.baml,Setter_9:System.Windows.Setter.Property,None,False,False,,FrameworkElement.Height
PowerSquare.g.en-US.resources:resources.baml,Setter_9:System.Windows.Setter.Value,None,False,True,,15
PowerSquare.g.en-US.resources:resources.baml,Setter_10:System.Windows.Setter.Property,None,False,False,,Shape.Fill
PowerSquare.g.en-US.resources:resources.baml,Setter_10:System.Windows.Setter.Value,None,False,True,,\#009B9B9B
PowerSquare.g.en-US.resources:resources.baml,ellipse0:System.Windows.Shapes.Ellipse.$Content,None,False,True,,
PowerSquare.g.en-US.resources:resources.baml,ellipse0:System.Windows.Controls.Canvas.Left,None,False,True,,1.75
PowerSquare.g.en-US.resources:resources.baml,ellipse0:System.Windows.Controls.Canvas.Top,None,False,True,,21
PowerSquare.g.en-US.resources:resources.baml,ellipse1:System.Windows.Shapes.Ellipse.$Content,None,False,True,,
PowerSquare.g.en-US.resources:resources.baml,ellipse1:System.Windows.Controls.Canvas.Top,None,False,True,,7
PowerSquare.g.en-US.resources:resources.baml,ellipse1:System.Windows.Controls.Canvas.Left,None,False,True,,6.5
PowerSquare.g.en-US.resources:resources.baml,ellipse2:System.Windows.Shapes.Ellipse.$Content,None,False,True,,
PowerSquare.g.en-US.resources:resources.baml,ellipse2:System.Windows.Controls.Canvas.Left,None,False,True,,20.5
PowerSquare.g.en-US.resources:resources.baml,ellipse2:System.Windows.Controls.Canvas.Top,None,False,True,,0.75
PowerSquare.g.en-US.resources:resources.baml,ellipse3:System.Windows.Shapes.Ellipse.$Content,None,False,True,,
PowerSquare.g.en-US.resources:resources.baml,ellipse3:System.Windows.Controls.Canvas.Left,None,False,True,,34.75
PowerSquare.g.en-US.resources:resources.baml,ellipse3:System.Windows.Controls.Canvas.Top,None,False,True,,6.75
PowerSquare.g.en-US.resources:resources.baml,ellipse4:System.Windows.Shapes.Ellipse.$Content,None,False,True,,
PowerSquare.g.en-US.resources:resources.baml,ellipse4:System.Windows.Controls.Canvas.Left,None,False,True,,40.5
PowerSquare.g.en-US.resources:resources.baml,ellipse4:System.Windows.Controls.Canvas.Top,None,False,True,,20.75
PowerSquare.g.en-US.resources:resources.baml,ellipse5:System.Windows.Shapes.Ellipse.$Content,None,False,True,,
PowerSquare.g.en-US.resources:resources.baml,ellipse5:System.Windows.Controls.Canvas.Left,None,False,True,,34.75
PowerSquare.g.en-US.resources:resources.baml,ellipse5:System.Windows.Controls.Canvas.Top,None,False,True,,34.5
PowerSquare.g.en-US.resources:resources.baml,ellipse6:System.Windows.Shapes.Ellipse.$Content,None,False,True,,
PowerSquare.g.en-US.resources:resources.baml,ellipse6:System.Windows.Controls.Canvas.Left,None,False,True,,20.75
PowerSquare.g.en-US.resources:resources.baml,ellipse6:System.Windows.Controls.Canvas.Top,None,False,True,,39.75
PowerSquare.g.en-US.resources:resources.baml,ellipse7:System.Windows.Shapes.Ellipse.$Content,None,False,True,,
PowerSquare.g.en-US.resources:resources.baml,ellipse7:System.Windows.Controls.Canvas.Top,None,False,True,,34.25
PowerSquare.g.en-US.resources:resources.baml,ellipse7:System.Windows.Controls.Canvas.Left,None,False,True,,7
PowerSquare.g.en-US.resources:resources.baml,Ellipse_1:System.Windows.Shapes.Ellipse.$Content,None,False,True,,
PowerSquare.g.en-US.resources:resources.baml,Ellipse_1:System.Windows.FrameworkElement.Width,None,False,True,,39.5
PowerSquare.g.en-US.resources:resources.baml,Ellipse_1:System.Windows.FrameworkElement.Height,None,False,True,,39.5
PowerSquare.g.en-US.resources:resources.baml,Ellipse_1:System.Windows.Controls.Canvas.Left,None,False,True,,8.75
PowerSquare.g.en-US.resources:resources.baml,Ellipse_1:System.Windows.Controls.Canvas.Top,None,False,True,,8
PowerSquare.g.en-US.resources:resources.baml,Ellipse_1:System.Windows.UIElement.Visibility,None,False,True,,Hidden
PowerSquare.g.en-US.resources:resources.baml,Label_1:System.Windows.Controls.Label.$Content,Label,True,True,,
PowerSquare.g.en-US.resources:resources.baml,Label_1:System.Windows.FrameworkElement.HorizontalAlignment,None,False,True,,Center
PowerSquare.g.en-US.resources:resources.baml,Label_1:System.Windows.FrameworkElement.VerticalAlignment,None,False,True,,Center
PowerSquare.g.en-US.resources:app.baml,Application_1:PowerSquare.App.$Content,None,True,True,,
PowerSquare.g.en-US.resources:app.baml,ResourceDictionary_3:System.Windows.ResourceDictionary.Source,None,True,False,,/Resources.xaml
PowerSquare.g.en-US.resources:app.baml,OperationMode_1:System.String.$Content,None,True,True,,SQRT
PowerSquare.g.en-US.resources:app.baml,OperationMode_2:System.String.$Content,None,True,True,,PWR2
PowerSquare.g.en-US.resources:app.baml,OperationMode_3:System.String.$Content,None,True,True,,PWR3
PowerSquare.g.en-US.resources:app.baml,OperationModeDisplay_1:System.String.$Content,None,True,True,,Quadratwurzel
PowerSquare.g.en-US.resources:app.baml,OperationModeDisplay_2:System.String.$Content,None,True,True,,Hoch 2
PowerSquare.g.en-US.resources:app.baml,OperationModeDisplay_3:System.String.$Content,None,True,True,,Hoch 3
PowerSquare.g.en-US.resources:app.baml,ValidationError_1:System.String.$Content,None,True,True,,Nur positive ganzzahlige Werte.
PowerSquare.g.en-US.resources:app.baml,Result_1:System.String.$Content,None,True,True,,Eingabe Fehler.
PowerSquare.g.en-US.resources:app.baml,Status_1:System.String.$Content,None,True,True,,Bereit
PowerSquare.g.en-US.resources:app.baml,Status_2:System.String.$Content,None,True,True,,Fehler
PowerSquare.g.en-US.resources:app.baml,Status_3:System.String.$Content,None,True,True,,Cleared
PowerSquare.g.en-US.resources:app.baml,Language_1:System.String.$Content,None,True,True,,en-US
PowerSquare.g.en-US.resources:app.baml,Language_2:System.String.$Content,None,True,True,,de-DE
PowerSquare.g.en-US.resources:app.baml,LanguageDisplay_1:System.String.$Content,None,True,True,,Englisch
PowerSquare.g.en-US.resources:app.baml,LanguageDisplay_2:System.String.$Content,None,True,True,,Deutsch
PowerSquare.g.en-US.resources:app.baml,Formula_0:System.String.$Content,None,True,True,,"Operation ist nicht unterstützt - Number:{0}, Operation:{1}"
PowerSquare.g.en-US.resources:app.baml,Formula_1:System.String.$Content,None,True,True,,Quadratwurzel von {0} ergibt {1}
PowerSquare.g.en-US.resources:app.baml,Formula_2:System.String.$Content,None,True,True,,{0} hoch 2 ergibt {1}
PowerSquare.g.en-US.resources:app.baml,Formula_3:System.String.$Content,None,True,True,,{0} hoch 3 ergibt {1}
PowerSquare.g.en-US.resources:app.baml,Formula_9:System.String.$Content,None,True,True,,Formel
PowerSquare.g.en-US.resources:historywindow.baml,Window_1:PowerSquare.Views.HistoryWindow.$Content,None,True,True,,#Grid_1;
PowerSquare.g.en-US.resources:historywindow.baml,Window_1:System.Windows.Window.Title,Title,True,True,,Historie
PowerSquare.g.en-US.resources:historywindow.baml,Window_1:System.Windows.FrameworkElement.MinHeight,None,False,True,,240
PowerSquare.g.en-US.resources:historywindow.baml,Window_1:System.Windows.FrameworkElement.MinWidth,None,False,True,,200
PowerSquare.g.en-US.resources:historywindow.baml,Window_1:System.Windows.FrameworkElement.MaxHeight,None,False,True,,600
PowerSquare.g.en-US.resources:historywindow.baml,Window_1:System.Windows.FrameworkElement.MaxWidth,None,False,True,,800
PowerSquare.g.en-US.resources:historywindow.baml,Window_1:System.Windows.Window.SizeToContent,None,False,True,,WidthAndHeight
PowerSquare.g.en-US.resources:historywindow.baml,Window_1:System.Windows.Window.ResizeMode,None,False,True,,CanMinimize
PowerSquare.g.en-US.resources:historywindow.baml,Window_1:System.Windows.Window.WindowStyle,None,True,False,,None
PowerSquare.g.en-US.resources:historywindow.baml,DockPanel_1:System.Windows.Controls.DockPanel.LastChildFill,None,False,True,,True
PowerSquare.g.en-US.resources:historywindow.baml,DockPanel_1:System.Windows.Controls.Grid.Row,None,False,True,,0
PowerSquare.g.en-US.resources:historywindow.baml,DockPanel_1:System.Windows.FrameworkElement.Margin,None,False,True,,5
PowerSquare.g.en-US.resources:historywindow.baml,lblFilter:System.Windows.Controls.Label.$Content,Label,True,True,,
PowerSquare.g.en-US.resources:historywindow.baml,lblFilter:System.Windows.Controls.ContentControl.Content,Label,True,True,,Filter:
PowerSquare.g.en-US.resources:historywindow.baml,txtFilter:System.Windows.Controls.TextBox.$Content,Text,True,True,,
PowerSquare.g.en-US.resources:historywindow.baml,dgItemDetails:System.Windows.Controls.DataGrid.$Content,None,False,True,,
PowerSquare.g.en-US.resources:historywindow.baml,dgItemDetails:System.Windows.Controls.Grid.Row,None,False,True,,1
PowerSquare.g.en-US.resources:historywindow.baml,dgItemDetails:System.Windows.FrameworkElement.Margin,None,False,True,,"5,0,5,5"
PowerSquare.g.en-US.resources:historywindow.baml,dgItemDetails:System.Windows.Controls.DataGrid.IsReadOnly,None,False,True,,True
PowerSquare.g.en-US.resources:historywindow.baml,dgItemDetails:System.Windows.Controls.DataGrid.HeadersVisibility,None,True,False,,Column
PowerSquare.g.en-US.resources:historywindow.baml,dgItemDetails:System.Windows.Controls.DataGrid.AutoGenerateColumns,None,False,True,,False
PowerSquare.g.en-US.resources:historywindow.baml,Setter_1:System.Windows.Setter.Property,None,False,False,,Control.Padding
PowerSquare.g.en-US.resources:historywindow.baml,Setter_1:System.Windows.Setter.Value,None,False,True,,5
PowerSquare.g.en-US.resources:historywindow.baml,Setter_2:System.Windows.Setter.Property,None,False,False,,Control.Template
PowerSquare.g.en-US.resources:historywindow.baml,ControlTemplate_1:System.Windows.Controls.ControlTemplate.$Content,None,False,True,,#Border_1;
PowerSquare.g.en-US.resources:historywindow.baml,Border_1:System.Windows.UIElement.SnapsToDevicePixels,None,False,True,,True
PowerSquare.g.en-US.resources:historywindow.baml,ContentPresenter_1:System.Windows.Controls.ContentPresenter.$Content,None,False,True,,
PowerSquare.g.en-US.resources:historywindow.baml,DataGridTextColumn_1:System.Windows.Controls.DataGridTextColumn.$Content,None,True,True,,
PowerSquare.g.en-US.resources:historywindow.baml,StackPanel_1:System.Windows.Controls.StackPanel.Orientation,None,False,True,,Horizontal
PowerSquare.g.en-US.resources:historywindow.baml,StackPanel_1:System.Windows.Controls.Grid.Row,None,False,True,,2
PowerSquare.g.en-US.resources:historywindow.baml,StackPanel_1:System.Windows.FrameworkElement.HorizontalAlignment,None,False,True,,Right
PowerSquare.g.en-US.resources:historywindow.baml,btnClear:System.Windows.Controls.Button.$Content,Button,True,True,,
PowerSquare.g.en-US.resources:historywindow.baml,btnClear:System.Windows.FrameworkElement.MinWidth,None,False,True,,60
PowerSquare.g.en-US.resources:historywindow.baml,btnClear:System.Windows.Controls.ContentControl.Content,Button,True,True,,_Leeren
PowerSquare.g.en-US.resources:historywindow.baml,btnClear:System.Windows.FrameworkElement.Margin,None,False,True,,"0,0,5,0"
PowerSquare.g.en-US.resources:historywindow.baml,btnClear:System.Windows.Controls.Control.Padding,None,False,True,,"5,2"
PowerSquare.g.en-US.resources:historywindow.baml,btnOk:System.Windows.Controls.Button.$Content,Button,True,True,,
PowerSquare.g.en-US.resources:historywindow.baml,btnOk:System.Windows.FrameworkElement.MinWidth,None,False,True,,60
PowerSquare.g.en-US.resources:historywindow.baml,btnOk:System.Windows.Controls.ContentControl.Content,Button,True,True,,O_k
PowerSquare.g.en-US.resources:historywindow.baml,btnOk:System.Windows.FrameworkElement.Margin,None,False,True,,"0,0,5,0"
PowerSquare.g.en-US.resources:historywindow.baml,btnOk:System.Windows.Controls.Control.Padding,None,False,True,,"5,2"
PowerSquare.g.en-US.resources:historywindow.baml,StatusBar_1:System.Windows.Controls.Primitives.StatusBar.$Content,None,False,True,,#StatusBarItem_1;
PowerSquare.g.en-US.resources:historywindow.baml,StatusBar_1:System.Windows.Controls.Grid.Row,None,False,True,,3
PowerSquare.g.en-US.resources:historywindow.baml,StatusBar_1:System.Windows.FrameworkElement.Margin,None,False,True,,"0,5,0,0"
PowerSquare.g.en-US.resources:historywindow.baml,StatusBar_1:System.Windows.FrameworkElement.MinHeight,None,False,True,,23
PowerSquare.g.en-US.resources:historywindow.baml,StatusBar_1:System.Windows.Controls.Control.BorderThickness,None,False,True,,"0,1,0,1"
PowerSquare.g.en-US.resources:historywindow.baml,StatusBar_1:System.Windows.Controls.Control.BorderBrush,None,False,True,,\#FF808080
PowerSquare.g.en-US.resources:historywindow.baml,StatusBarItem_1:System.Windows.Controls.Primitives.StatusBarItem.$Content,None,True,True,,#TextBlock_1;
PowerSquare.g.en-US.resources:historywindow.baml,TextBlock_1:System.Windows.Controls.TextBlock.$Content,Text,True,True,,
